<?xml version="1.0" encoding="UTF-8" standalone="yes"?>
<builds>


<build>
     <name>[COLOR darkgoldenrod]---- Debrid-KODI 21 Builds ----[/COLOR]</name>
     <kodi>K21</kodi>
     <url>http://</url>
     <icon>https://apoyotech.github.io/luc_kodi.wizard/pictures/Imagen-1.jpg</icon>
     <fanart>https://apoyotech.github.io/luc_kodi.wizard/pictures/Imagen-1.jpg</fanart>
     <description>luc_kodi.backups</description>
</build>


<build>
  <name>Debrid-sub.Ro(skin AeonNox Silvo-KODI 21.2)</name>
  <version>5.0</version>
  <kodi>K21</kodi>
  <size>210MB</size>
  <url>https://github.com/apoyotech/luc_kodi.backups/releases/download/v.1.0.0/Debrid-sub.RO.skin.AeonNox.Silvo-KODI.21.2.v.5.zip</url>
  <icon>https://apoyotech.github.io/luc_kodi.backups/pictures/Screenshot_20250521_125023_Kodi.jpg</icon>
  <fanart>https://apoyotech.github.io/luc_kodi.backups/pictures/Screenshot_20250521_125023_Kodi.jpg</fanart>
  <description> Work with Debrid subscription only</description>
 </build>
  
<build>
  <name>Debrid-sub.RO(skin Estuary MOD V2-KODI 21.2)</name>
  <version>6.0</version>
  <kodi>K21</kodi>
  <size>198MB</size>
  <url>https://github.com/apoyotech/luc_kodi.backups/releases/download/v.1.0.0/Debrid-sub.RO.skin.Estuary.MOD.V2-KODI.21.2.v.6.zip</url>
  <icon>https://apoyotech.github.io/luc_kodi.backups/pictures/Screenshot_20250508_120303_Kodi.jpg</icon>
  <fanart>https://apoyotech.github.io/luc_kodi.backups/pictures/Screenshot_20250508_120303_Kodi.jpg</fanart>
  <description>Work with  Debrid subscription only</description>
 </build>
  
<build>
    <name>Debrid-sub.RO(skin Arctic Fuse 2-KODI 21.2)</name>
    <version>4.0</version>
    <kodi>K21</kodi>
    <size>276MB</size>
    <url>https://github.com/apoyotech/luc_kodi.backups/releases/download/v.1.0.0/Debrid-sub.RO.skin.Arctic.Fuse.2-KODI.21.2.v.4.zip</url>
    <icon>https://apoyotech.github.io/luc_kodi.backups/pictures/Screenshot_20250522_103556_Kodi.jpg</icon>
    <fanart>https://apoyotech.github.io/luc_kodi.backups/pictures/Screenshot_20250522_103556_Kodi.jpg</fanart>
    <description>Work with  Debrid subscription only</description>
</build>

<build>
      <name>FEN ligth-sub.RO(skin Fentastic-KODI 21.2)</name>
      <version>3.0</version>
      <kodi>K21</kodi>
      <size>101MB</size>
      <url>https://github.com/apoyotech/luc_kodi.backups/releases/download/v.1.0.0/FEN.light-sub.RO.skin.Fentastic-KODI.21.2.v.3.zip</url>
      <icon>https://apoyotech.github.io/luc_kodi.backups/pictures/Screenshot_20250521_184226_Kodi.jpg</icon>
      <fanart>https://apoyotech.github.io/luc_kodi.backups/pictures/Screenshot_20250521_184226_Kodi.jpg</fanart>
      <description>Work with Debrid subscription only</description>
</build>

<build>
        <name>Palantir(skin Arctic Fuse 2-KODI 21.1)</name>
        <version>1.0</version>
        <kodi>K21</kodi>
        <size>178MB</size>
        <url>https://github.com/apoyotech/luc_kodi.backups/releases/download/v.1.0.0/Palantir.skin.Arctic.Fuse.2-KODI.21.1.v.1.zip</url>
        <icon>https://apoyotech.github.io/luc_kodi.backups/pictures/Screenshot_20241114_162631_Kodi.jpg</icon>
        <fanart>https://apoyotech.github.io/luc_kodi.backups/pictures/Screenshot_20241114_162631_Kodi.jpg</fanart>
        <description>Work with Debrid subscription only</description>
</build>

<build>
        <name>Palantir(skin Titan Bingie mod KODI 21.1)</name>
        <version>4.0</version>
        <kodi>K21</kodi>
        <size>222MB</size>
        <url>https://github.com/apoyotech/luc_kodi.backups/releases/download/v.1.0.0/Palntir3.skin.Titan.Bingie.Mod-KODI.21.1.v.4.zip</url>
        <icon>https://apoyotech.github.io/luc_kodi.backups/pictures/Screenshot_20241114_004829_Kodi.jpg</icon>
        <fanart>https://apoyotech.github.io/luc_kodi.backups/pictures/Screenshot_20241114_004829_Kodi.jpg</fanart>
        <description>Work with Debrid subscription only</description>
</build>

 <build>
         <name>Debrid-sub.RO(skin Arctic Horizon 2-KODI 21.2)</name>
         <version>3.0</version>
         <kodi>K21</kodi>
         <size>273MB</size>
         <url>https://github.com/apoyotech/luc_kodi.backups/releases/download/v.1.0.0/Debrid-sub.RO.skin.Arctic.Horizon.2-KODI.21.2.v.3.zip</url>
         <icon>https://apoyotech.github.io/luc_kodi.backups/pictures/Screenshot_20250524_145003_Kodi.jpg</icon>
         <fanart>https://apoyotech.github.io/luc_kodi.backups/pictures/Screenshot_20250524_145003_Kodi.jpg</fanart>
         <description>Work with Debrid subscription only</description>
 </build>

 <build>
          <name>Debrid-sub.RO(skin Arctic Zephyr Resurrection-KODI 21.1)</name>
          <version>3.0</version>
          <kodi>K21</kodi>
          <size>62MB</size> 
          <url>https://github.com/apoyotech/luc_kodi.backups/releases/download/v.1.0.0/Debrid-sub.RO.skin.Arctic.Zephyr.Resurrection-KODI-21.1.v.3.zip</url>
          <icon>https://apoyotech.github.io/luc_kodi.backups/pictures/Screenshot_20241114_120207_Kodi.jpg</icon>
          <fanart>https://apoyotech.github.io/luc_kodi.backups/pictures/Screenshot_20241114_120207_Kodi.jpg</fanart>
          <description>Work with Debrid subscription only</description>
 </build>

 <build>
         <name>Debrid-sub.ES(skin Nimbus-KODI 21.1)</name>
         <version>1.0</version>  
         <kodi>K21</kodi>
         <size>46MB</size>
         <url>https://github.com/apoyotech/luc_kodi.backups/releases/download/v.1.0.0/Debrid-sub.ES.skin.Nimbus-KODI.21.zip</url>
         <icon>https://apoyotech.github.io/luc_kodi.backups/pictures/Screenshot_20241113_235259_Kodi.jpg</icon>
         <fanart>https://apoyotech.github.io/luc_kodi.backups/pictures/Screenshot_20241113_235259_Kodi.jpg</fanart>
         <description>Work with Debrid subscription only</description>
 </build>

<build>
         <name>Debrid-sub.RO(skin AeonNox 5-KODI 21.1)</name>
         <version>1.0</version>
         <kodi>K21</kodi>
         <size>137MB</size>
         <url>https://github.com/apoyotech/luc_kodi.backups/releases/download/v.1.0.0/Debrid.sub.RO.skin.Aeon.Nox.5-KODI-21.1.zip</url>
         <icon>https://apoyotech.github.io/luc_kodi.backups/pictures/Screenshot_20241114_152458_Kodi.jpg</icon>
         <fanart>https://apoyotech.github.io/luc_kodi.backups/pictures/Screenshot_20241114_152458_Kodi.jpg</fanart>
         <description>Work with Debrid subscription only</description>
</build>

 <build>
         <name>Seren-sub.RO(skin Nimbus-KODI 21.2)</name>
         <version>2.0</version>
         <kodi>K21</kodi>
         <size>32MB</size>
         <url>https://github.com/apoyotech/luc_kodi.backups/releases/download/v.1.0.0/Seren-sub.RO.skin.Nimbus-KODI.21.2.v.2.zip</url>
         <icon>https://apoyotech.github.io/luc_kodi.backups/pictures/Screenshot_20250522_174816_Kodi.jpg</icon>
         <fanart>https://apoyotech.github.io/luc_kodi.backups/pictures/Screenshot_20250522_174816_Kodi.jpg</fanart>
         <description>Work with Debrid subscription only</description>
 </build>

  <build>
         <name>Palantir(skin Arctic Horizon 2-KODI 21.1)</name>
         <version>1.0</version>
         <kodi>K21</kodi>
         <size>203MB</size>
         <url>https://github.com/apoyotech/luc_kodi.backups/releases/download/v.1.0.0/Palantir.3.Arctic.Horizon.2.-Kodi.21.zip</url>
         <icon>https://apoyotech.github.io/luc_kodi.backups/pictures/Screenshot_20241114_002332_Kodi.jpg</icon>
         <fanart>https://apoyotech.github.io/luc_kodi.backups/pictures/Screenshot_20241114_002332_Kodi.jpg</fanart>
         <description>Work with Debrid subscription only</description>
  </build>

  <build>
          <name>Debrid-sub.RO(skin Arctic Zephyr Reloaded-KODI 21.2)</name> 
          <version>2.0</version>
          <kodi>K21</kodi>
          <size>152MB</size>
          <url>https://github.com/apoyotech/luc_kodi.backups/releases/download/v.1.0.0/Debrid-sub.ro.skin.Arctic.Zephyr.Reloaded-KODI.21.2.v.2.zip</url>
          <icon>https://apoyotech.github.io/luc_kodi.backups/pictures/Screenshot_20241114_011912_Kodi.jpg</icon>
          <fanart>https://apoyotech.github.io/luc_kodi.backups/pictures/Screenshot_20241114_011912_Kodi.jpg</fanart>
          <description>Work with Debrid subscription only</description>
  </build>

  <build>
          <name>Debrid-sub.RO(skin Titan Bingie mod-KODI 21.2)</name> 
          <version>5.0</version>
          <kodi>K21</kodi>
          <size>243MB</size>
          <url>https://github.com/apoyotech/luc_kodi.backups/releases/download/v.1.0.0/Debrid-sub.RO.skin.Titan.Bingie.mod-KODI.21.2.v.5.zip</url>
          <icon>https://apoyotech.github.io/luc_kodi.backups/pictures/Screenshot_20250218_114647_Gallery.jpg</icon>
          <fanart>https://apoyotech.github.io/luc_kodi.backups/pictures/Screenshot_20250218_114647_Gallery.jpg</fanart>
          <description>Work with Debrid subscription only</description>
  </build>

  <build>
           <name>Debrid-sub.Ro(skin Altus-KODI 21.1)</name>
           <version>2.0</version>
           <kodi>K21</kodi>
           <size>48MB</size>
           <url>https://github.com/apoyotech/luc_kodi.backups/releases/download/v.1.0.0/Debrid-sub.Ro.skin.Altus-KODI.21.1.v.2.zip</url>
           <icon>https://apoyotech.github.io/luc_kodi.backups/pictures/Screenshot_20241230_113231_Kodi.jpg</icon>
           <fanart>https://apoyotech.github.io/luc_kodi.backups/pictures/Screenshot_20241230_113231_Kodi.jpg</fanart>
           <description>Work with Debrid subscription only</description>

  </build>

  <build>
            <name>Debrid-sub.RO(skin Confluence-KODI 21.2)</name>
            <version>1.0</version>
            <kodi>K21</kodi>
            <size>62MB</size>
            <url>https://github.com/apoyotech/luc_kodi.backups/releases/download/v.1.0.0/Debrid-sub.RO.skin.Confluence-KODI.21.2.zip</url>
            <icon>https://apoyotech.github.io/luc_kodi.backups/pictures/Screenshot_20250509_135839_Kodi.jpg</icon>
            <fanart>https://apoyotech.github.io/luc_kodi.backups/pictures/Screenshot_20250509_135839_Kodi.jpg</fanart>
            <description>Work with Debrid subscription only</description>
  </build>

  <build>
             <name>Debrid-sub.RO(skin mp3 HD mod-KODI 21.2)</name>
             <version>2.0</version>
             <kodi>K21</kodi>
             <size>43MB</size>
             <url>https://github.com/apoyotech/luc_kodi.backups/releases/download/v.1.0.0/Debrid-sub.RO.skin.mp3.HD.mod-KODI.21.2.v.2.zip</url>
             <icon>https://apoyotech.github.io/luc_kodi.backups/pictures/photo_2025-01-30_21-49-12.jpg</icon>
             <fanart>https://apoyotech.github.io/luc_kodi.backups/pictures/photo_2025-01-30_21-49-12.jpg</fanart>
             <description>Work with Debrid subscription only</description>
  </build>

  <build>
             <name>Debrid-sub.RO(skin Arctic Zephyr Resurrection ligth view-KODI 21.2)</name>
             <version>1.0</version>
             <kodi>K21</kodi>
             <size>77MB</size>
             <url>https://github.com/apoyotech/luc_kodi.backups/releases/download/v.1.0.0/Debrid-sub.RO.skin.Arctic.Zephyr.Resurrection-ligth.view-KODI.21.2.v.1.zip</url>
             <icon>https://apoyotech.github.io/luc_kodi.backups/pictures/Screenshot_20250212_101124_Kodi.jpg</icon>
             <fanart>https://apoyotech.github.io/luc_kodi.backups/pictures/Screenshot_20250212_101124_Kodi.jpg</fanart>
             <description>Work with Debrid subscription only</description>
  </build>

  <build>
             <name>Debrid-sub.RO(skin Arctic Zephyr Resurrection darker view -KODI 21.2)</name>
             <version>1.0</version>
             <kodi>K21</kodi>
             <size>79MB</size>
             <url>https://github.com/apoyotech/luc_kodi.backups/releases/download/v.1.0.0/Debrid-sub.RO.skin.Arctic.Zephyr.Resurrection.darker.view-KODI.21.2.v.1.zip</url>
             <icon>https://apoyotech.github.io/luc_kodi.backups/pictures/Screenshot_20250213_113912_Kodi.jpg</icon>
             <fanart>https://apoyotech.github.io/luc_kodi.backups/pictures/Screenshot_20250213_113912_Kodi.jpg</fanart>
             <description>Work with Debrid subscription only</description>
  </build>

  <build> 
             <name>Debrid-sub.RO(skin simpleTOUCHreloaded-KODI 21.2)</name>
             <version>1.0</version>
             <kodi>K21</kodi>     
             <size>46MB</size>
             <url>https://github.com/apoyotech/luc_kodi.backups/releases/download/v.1.0.0/Debrid-sub.RO.skin.simpleTOUCHreloaded-KODI.21.2.zip</url>  
             <icon>https://apoyotech.github.io/luc_kodi.backups/pictures/Screenshot_20250325_001057_Kodi.jpg</icon> 
             <fanart>https://apoyotech.github.io/luc_kodi.backups/pictures/Screenshot_20250325_001057_Kodi.jpg</fanart>  
             <description>Work with Debrid subscription only</description> 
  </build>  
  
  
  <build> 
          <name>Fen light-sub.RO(skin Arctic Fuse 2-KODI 21.2)</name>     
          <version>1.0</version> 
          <kodi>K21</kodi>    
          <size>219MB</size>
          <url>https://github.com/apoyotech/luc_kodi.backups/releases/download/v.1.0.0/Fen.light-sub.RO.skin.Arctic.Fuse.2-KODI.21.2.zip</url>    
          <icon>https://apoyotech.github.io/luc_kodi.backups/pictures/Screenshot_20250523_114244_Kodi.jpg</icon>   
          <fanart>https://apoyotech.github.io/luc_kodi.backups/pictures/Screenshot_20250523_114244_Kodi.jpg</fanart>   
          <description>Work with Debrid subscription only</description> 
  </build>     
     
     
     
     
     
<build>
              <name>[COLOR darkgoldenrod]---- Just-Free-KODI 21 Builds ----[/COLOR]</name>
              <kodi>K21</kodi>
              <url>http://</url>
              <icon>https://apoyotech.github.io/luc_kodi.wizard/pictures/Imagen-1.jpg</icon>
              <fanart>https://apoyotech.github.io/luc_kodi.wizard/pictures/Imagen-1.jpg</fanart>
              <description>luc_kodi.backups</description>
</build>



<build>
          <name>[COLOR snow]Just-Free-sub.RO(skin Arctic Horizon 2-KODI 21.2)[/COLOR]</name> 
          <version>1.0</version>
          <kodi>K21</kodi>
          <size>192MB</size>
          <url>https://github.com/apoyotech/luc_kodi.backups/releases/download/v.1.0.0/Just-Free-sub.RO.skin.Arctic.Horizon.2-KODI.21.2.v.1.zip</url>
          <icon>https://apoyotech.github.io/luc_kodi.backups/pictures/Screenshot_20250529_003419_Kodi.jpg</icon>
          <fanart>https://apoyotech.github.io/luc_kodi.backups/pictures/Screenshot_20250529_003419_Kodi.jpg</fanart>
          <description>This build no need a Debrid subscription</description>
</build>

<build>
         <name>[COLOR snow]Just-Free-sub.RO(skin Arctic Zephyr Resurrection-KODI 21.2)[/COLOR]</name>
         <version>1.0</version>
         <kodi>K21</kodi>
         <size>131MB</size>
         <url>https://github.com/apoyotech/luc_kodi.backups/releases/download/v.1.0.0/Just-Free-sub.RO.skin.Arctic.Zephyr.Resurrection-KODI.21.2.zip</url>
         <icon>https://apoyotech.github.io/luc_kodi.backups/pictures/Screenshot_20250430_110534_Kodi.jpg</icon>
         <fanart>https://apoyotech.github.io/luc_kodi.backups/pictures/Screenshot_20250430_110534_Kodi.jpg</fanart>
         <description>This build no need a Debrid subscription</description>
</build>

<build>
        <name>[COLOR snow]Just-Free-sub.RO(skin Fentastic-KODI 21.2)[/COLOR]</name>
        <version>1.0</version>
        <kodi>K21</kodi>
        <size>94MB</size>
        <url>https://github.com/apoyotech/luc_kodi.backups/releases/download/v.1.0.0/Just-Free-sub.RO.skin.Fentastic-KODI.21.2.v.1.zip</url>
        <icon>https://apoyotech.github.io/luc_kodi.backups/pictures/Screenshot_20250516_191313_Kodi.jpg</icon>
        <fanart>https://apoyotech.github.io/luc_kodi.backups/pictures/Screenshot_20250516_191313_Kodi.jpg</fanart>
        <description>This build no need a Debrid subscription</description>
</build>














</builds>











