<?xml version="1.0" encoding="UTF-8" standalone="yes"?>
<addon id="plugin.program.luc_kodi.wizard" name="luc_kodi.wizard" version="2.0.2" provider-name="[COLOR yellow]apoyotech[/COLOR]">

<requires>
	<import addon="xbmc.python" version="3.0.0"/>
	<import addon="script.module.requests" version="2.31.0" />
	<import addon="script.module.certifi" version="2023.5.7" />
	<import addon="script.module.chardet" version="5.1.0" />
	<import addon="script.module.idna" version="3.4.0" />
	<import addon="script.module.urllib3" version="2.2.3" />
	<import addon="script.module.six" version="1.16.0" />
	<import addon="script.module.simplejson" version="3.19.1" />
	<import addon="script.module.soupsieve" version="2.4.1" />
	<import addon="script.module.inputstreamhelper" version="0.7.0" />
	<import addon="script.module.beautifulsoup4" version="4.9.3" />
        <import addon="script.module.kodi-six" version="0.1.3.1" />
</requires>
	
<extension point="xbmc.python.pluginsource" library="addon.py">
<provides>executable</provides>
</extension>

<extension point="xbmc.service" library="service.py"  />
<extension point="xbmc.addon.metadata">
<summary lang="en_GB">[COLOR dodgerblue]This plugin.program.wizard it is inspired by plugin.program.simplewizard and is used to create an install builds and maintenance in  the open source KODI application[/COLOR]</summary>
<description lang="en_GB">KODI Wizard</description>
<disclaimer lang="en_GB">This Addon contains no content</disclaimer>
<language>en</language>
<plataform>all</plataform>
<license>GPL-3.0-or-later</license>
<forum/>
<website/> 
<email/>
<source/>
<news/>
<assets>
<icon>resources/icon.png</icon>
<fanart>resources/fanart.jpg</fanart>
<banner/>
<clearlogo/>
<screenshot>resources/screenshot-1.jpg</screenshot>
<screenshot>resources/screenshot-2.jpg</screenshot>
<screenshot>resources/screenshot-3.jpg</screenshot>
</assets>
</extension>

</addon>
