<builds>

 <build>
  <name>Backup Premium skin AeonNox Silvo</name>
  <version>2.0</version>
  <url>https://github.com/apoyotech/luc_backups.kodi-21/releases/download/v.1.0.0/Backup-Premium-sub.RO.skin.AeonNox.Silvo-KODI.21.1.v.2.zip</url>
  <icon>https://apoyotech.github.io/luc_backups.kodi-21/pictures/Screenshot_20241208_224511_Kodi.jpg</icon>
  <fanart>https://apoyotech.github.io/luc_backups.kodi-21/pictures/Screenshot_20241208_224511_Kodi.jpg</fanart>
  <description> Work with  Debrid subscrition only</description>
 </build>
  
<build>
  <name>Backup Premium skin Estuary Mod v2</name>
  <version>4.0</version>
  <url>https://github.com/apoyotech/luc_backups.kodi-21/releases/download/v.1.0.0/Backup-Premium-sub.RO.skin.Estuary.mod.v2-KODI.21.1.v.4.zip</url>
  <icon>https://apoyotech.github.io/luc_backups.kodi-21/pictures/Screenshot_20241114_122856_Kodi.jpg</icon>
  <fanart>https://apoyotech.github.io/luc_backups.kodi-21/pictures/Screenshot_20241114_122856_Kodi.jpg</fanart>
  <description>Work with  Debrid subscrition only</description>
 </build>
  
<build>
    <name>Backup Premium skin Arctic Fuse 2</name>
    <version>2.0</version>
    <url>https://github.com/apoyotech/luc_backups.kodi-21/releases/download/v.1.0.0/Backup-Add-ons.Real.Debrid-sub.RO.skin.Arctic.Fuse.2-KODI.21.1.v.2.zip</url>
    <icon>https://apoyotech.github.io/luc_backups.kodi-21/pictures/Screenshot_20241114_134500_Kodi.jpg</icon>
    <fanart>https://apoyotech.github.io/luc_backups.kodi-21/pictures/Screenshot_20241114_134500_Kodi.jpg</fanart>
    <description>Work with  Debrid subscrition only</description>
</build>

<build>
      <name>Backup Premium Fen light skin Fentastic</name>
      <version>1.0</version>
      <url>https://github.com/apoyotech/luc_backups.kodi-21/releases/download/v.1.0.0/Backup-Fen.light-sub.RO.skin.Fentastic.KODI-21.1.zip</url>
      <icon>https://apoyotech.github.io/luc_backups.kodi-21/pictures/Screenshot_20241114_010118_Kodi.jpg</icon>
      <fanart>https://apoyotech.github.io/luc_backups.kodi-21/pictures/Screenshot_20241114_010118_Kodi.jpg</fanart>
      <description>Work with Debrid subscrition only</description>
</build>

<build>
        <name>Backup  Premium Palantir skin Arctic Fuse 2</name>
        <version>1.0</version>
        <url>https://github.com/apoyotech/luc_backups.kodi-21/releases/download/v.1.0.0/Backup-Palantir.skin.Arctic.Fuse.2-KODI.21.1.v.1.zip</url>
        <icon>https://apoyotech.github.io/luc_backups.kodi-21/pictures/Screenshot_20241114_162631_Kodi.jpg</icon>
        <fanart>https://apoyotech.github.io/luc_backups.kodi-21/pictures/Screenshot_20241114_162631_Kodi.jpg</fanart>
        <description>Work with Debrid subscrition only</description>
</build>

<build>
        <name>Backup  Premium  Palantir  skin Titan Bingie mod</name>
        <version>4.0</version>
        <url>https://github.com/apoyotech/luc_backups.kodi-21/releases/download/v.1.0.0/Backup-Palntir3.skin.Titan.Bingie.Mod-KODI.21.1.v.4.zip</url>
        <icon>https://apoyotech.github.io/luc_backups.kodi-21/pictures/Screenshot_20241114_004829_Kodi.jpg</icon>
        <fanart>https://apoyotech.github.io/luc_backups.kodi-21/pictures/Screenshot_20241114_004829_Kodi.jpg</fanart>
        <description>Work with Debrid subscrition only</description>
</build>

 <build>
         <name>Backup Premium skin Arctic Horizon 2</name>
         <version>2.0</version>
         <url>https://github.com/apoyotech/luc_backups.kodi-21/releases/download/v.1.0.0/Backup-Premium-Real.Debrid-sub.ES.skin.Arctic.Horizon.2-KODI-21.1.v.2.zip</url>
         <icon>https://apoyotech.github.io/luc_backups.kodi-21/pictures/Screenshot_20241114_112654_Kodi.jpg</icon>
         <fanart>https://apoyotech.github.io/luc_backups.kodi-21/pictures/Screenshot_20241114_112654_Kodi.jpg</fanart>
         <description>Work with Debrid subscrition only</description>
 </build>

 <build>
          <name>Backup Premium skin Arctic Zephyr Resurrection</name>
          <version>3.0</version>
          <url>https://github.com/apoyotech/luc_backups.kodi-21/releases/download/v.1.0.0/Backup-Premium-sub.RO.skin.Arctic.Zephyr.Resurrection-KODI-21.1.v.3.zip</url>
          <icon>https://apoyotech.github.io/luc_backups.kodi-21/pictures/Screenshot_20241114_120207_Kodi.jpg</icon>
          <fanart>https://apoyotech.github.io/luc_backups.kodi-21/pictures/Screenshot_20241114_120207_Kodi.jpg</fanart>
          <description>Work with Debrid subscrition only</description>
 </build>

 <build>
         <name>Backup Premium skin Nimbus</name>
         <version>1.0</version>  
         <url>https://github.com/apoyotech/luc_backups.kodi-21/releases/download/v.1.0.0/Backup-Premium.Real.Debrid.-sub.ES.skin.Nimbus-KODI.21.zip</url>
         <icon>https://apoyotech.github.io/luc_backups.kodi-21/pictures/Screenshot_20241113_235259_Kodi.jpg</icon>
         <fanart>https://apoyotech.github.io/luc_backups.kodi-21/pictures/Screenshot_20241113_235259_Kodi.jpg</fanart>
         <description>Work with Debrid subscrition only</description>
 </build>

<build>
         <name>Backup Premium skin AeonNox 5</name>
         <version>1.0</version>
         <url>https://github.com/apoyotech/luc_backups.kodi-21/releases/download/v.1.0.0/Backup-Premium.Real.Debrid.sub.RO.skin.Aeon.Nox.5-KODI-21.1.zip</url>
         <icon>https://apoyotech.github.io/luc_backups.kodi-21/pictures/Screenshot_20241114_152458_Kodi.jpg</icon>
         <fanart>https://apoyotech.github.io/luc_backups.kodi-21/pictures/Screenshot_20241114_152458_Kodi.jpg</fanart>
         <description>Work with Debrid subscrition only</description>
</build>

 <build>
         <name>Backup Premium Seren skin Nimbus</name>
         <version>1.0</version>
         <url>https://github.com/apoyotech/luc_backups.kodi-21/releases/download/v.1.0.0/Backup-Seren-sub.RO.skin.Nimbus-KODI.21.1.zip</url>
         <icon>https://apoyotech.github.io/luc_backups.kodi-21/pictures/Screenshot_20241113_235259_Kodi.jpg</icon>
         <fanart>https://apoyotech.github.io/luc_backups.kodi-21/pictures/Screenshot_20241113_235259_Kodi.jpg</fanart>
         <description>Work with Debrid subscrition only</description>
 </build>

  <build>
         <name>Backup Premium Palantir skin Arctic Horizon 2</name>
         <version>1.0</version>
         <url>https://github.com/apoyotech/luc_backups.kodi-21/releases/download/v.1.0.0/Backup.Palantir.3.Arctic.Horizon.2.-Kodi.21.zip</url>
         <icon>https://apoyotech.github.io/luc_backups.kodi-21/pictures/Screenshot_20241114_002332_Kodi.jpg</icon>
         <fanart>https://apoyotech.github.io/luc_backups.kodi-21/pictures/Screenshot_20241114_002332_Kodi.jpg</fanart>
         <description>Work with Debrid subscrition only</description>
  </build>

  <build>
          <name>Backup Premium skin Reloaded</name> 
          <version>1.0</version>
          <url>https://github.com/apoyotech/luc_backups.kodi-21/releases/download/v.1.0.0/Backup.Premium.RO.Reloaded.Kodi.21.zip</url>
          <icon>https://apoyotech.github.io/luc_backups.kodi-21/pictures/Screenshot_20241114_011912_Kodi.jpg</icon>
          <fanart>https://apoyotech.github.io/luc_backups.kodi-21/pictures/Screenshot_20241114_011912_Kodi.jpg</fanart>
          <description>Work with Debrid subscrition only</description>
  </build>

  <build>
          <name>Backup Premium skin Titan Bingie mod</name> 
          <version>4.0</version>
          <url>https://github.com/apoyotech/luc_backups.kodi-21/releases/download/v.1.0.0/Backup.Premium.sub.RO.skin.Titan.Bingie.Mod.KODI.21.1.v.4.zip</url>
          <icon>https://apoyotech.github.io/luc_backups.kodi-21/pictures/Screenshot_20241114_124735_Kodi.jpg</icon>
          <fanart>https://apoyotech.github.io/luc_backups.kodi-21/pictures/Screenshot_20241114_124735_Kodi.jpg</fanart>
          <description>Work with Debrid subscrition only</description>
  </build>



</builds>











