<?xml version="1.0" encoding="UTF-8" standalone="yes"?>
<builds>

<build>
  <name>Debrid-sub.Ro(skin AeonNox Silvo-KODI 21.2)</name>
  <version>4.0</version>
  <kodi>K21</kodi>
  <url>https://github.com/apoyotech/luc_kodi.backups/releases/download/v.1.0.0/Debrid-sub.RO.skin.AeonNox.Silvo-KODI.21.2.v.4.zip</url>
  <icon>https://apoyotech.github.io/luc_kodi.backups/pictures/Screenshot_20250321_133917_Kodi.jpg</icon>
  <fanart>https://apoyotech.github.io/luc_kodi.backups/pictures/Screenshot_20250321_133917_Kodi.jpg</fanart>
  <description> Work with  Debrid subscription only</description>
 </build>
  
<build>
  <name>Debrid-sub.RO(skin Estuary MOD V2-KODI 21.2)</name>
  <version>5.0</version>
  <kodi>K21</kodi>
  <url>https://github.com/apoyotech/luc_kodi.backups/releases/download/v.1.0.0/Backup-Debrid-sub.RO.skin.Estuary.MOD.V2-KODI.21.2.v.5.zip</url>
  <icon>https://apoyotech.github.io/luc_kodi.backups/pictures/Screenshot_20250221_100255_Kodi.jpg</icon>
  <fanart>https://apoyotech.github.io/luc_kodi.backups/pictures/Screenshot_20250221_100255_Kodi.jpg</fanart>
  <description>Work with  Debrid subscription only</description>
 </build>
  
<build>
    <name>Debrid-sub.RO(skin Arctic Fuse 2-KODI 21.2)</name>
    <version>3.0</version>
    <kodi>K21</kodi>
    <url>https://github.com/apoyotech/luc_kodi.backups/releases/download/v.1.0.0/Backup-Debrid-sub.RO.skin.Arctic.Fuse.2-KODI.21.2.v.3.zip</url>
    <icon>https://apoyotech.github.io/luc_kodi.backups/pictures/Screenshot_20250304_120402_Kodi.jpg</icon>
    <fanart>https://apoyotech.github.io/luc_kodi.backups/pictures/Screenshot_20250304_120402_Kodi.jpg</fanart>
    <description>Work with  Debrid subscription only</description>
</build>

<build>
      <name>FEN ligth-sub.RO( skin Fentastic-KODI 21.2)</name>
      <version>2.0</version>
      <kodi>K21</kodi>
      <url>https://github.com/apoyotech/luc_kodi.backups/releases/download/v.1.0.0/Backup-FEN.ligth-sub.RO.skin.Fentastic-KODI.21.2.v.2.zip</url>
      <icon>https://apoyotech.github.io/luc_kodi.backups/pictures/Screenshot_20250214_094249_Kodi.jpg</icon>
      <fanart>https://apoyotech.github.io/luc_kodi.backups/pictures/Screenshot_20250214_094249_Kodi.jpg</fanart>
      <description>Work with Debrid subscription only</description>
</build>

<build>
        <name>Palantir(skin Arctic Fuse 2-KODI 21.1)</name>
        <version>1.0</version>
        <kodi>K21</kodi>
        <url>https://github.com/apoyotech/luc_kodi.backups/releases/download/v.1.0.0/Backup-Palantir.skin.Arctic.Fuse.2-KODI.21.1.v.1.zip</url>
        <icon>https://apoyotech.github.io/luc_kodi.backups/pictures/Screenshot_20241114_162631_Kodi.jpg</icon>
        <fanart>https://apoyotech.github.io/luc_kodi.backups/pictures/Screenshot_20241114_162631_Kodi.jpg</fanart>
        <description>Work with Debrid subscription only</description>
</build>

<build>
        <name>Palantir(skin Titan Bingie mod KODI 21.1)</name>
        <version>4.0</version>
        <kodi>K21</kodi>
        <url>https://github.com/apoyotech/luc_kodi.backups/releases/download/v.1.0.0/Backup-Palntir3.skin.Titan.Bingie.Mod-KODI.21.1.v.4.zip</url>
        <icon>https://apoyotech.github.io/luc_kodi.backups/pictures/Screenshot_20241114_004829_Kodi.jpg</icon>
        <fanart>https://apoyotech.github.io/luc_kodi.backups/pictures/Screenshot_20241114_004829_Kodi.jpg</fanart>
        <description>Work with Debrid subscription only</description>
</build>

 <build>
         <name>Debrid-sub.ES(skin Arctic Horizon 2-KODI 21.1)</name>
         <version>2.0</version>
         <kodi>K21</kodi>
         <url>https://github.com/apoyotech/luc_kodi.backups/releases/download/v.1.0.0/Backup-Premium-Real.Debrid-sub.ES.skin.Arctic.Horizon.2-KODI-21.1.v.2.zip</url>
         <icon>https://apoyotech.github.io/luc_kodi.backups/pictures/Screenshot_20241114_112654_Kodi.jpg</icon>
         <fanart>https://apoyotech.github.io/luc_kodi.backups/pictures/Screenshot_20241114_112654_Kodi.jpg</fanart>
         <description>Work with Debrid subscription only</description>
 </build>

 <build>
          <name>Debrid-sub.RO(skin Arctic Zephyr Resurrection-KODI 21.1)</name>
          <version>3.0</version>
          <kodi>K21</kodi>
          <url>https://github.com/apoyotech/luc_kodi.backups/releases/download/v.1.0.0/Backup-Premium-sub.RO.skin.Arctic.Zephyr.Resurrection-KODI-21.1.v.3.zip</url>
          <icon>https://apoyotech.github.io/luc_kodi.backups/pictures/Screenshot_20241114_120207_Kodi.jpg</icon>
          <fanart>https://apoyotech.github.io/luc_kodi.backups/pictures/Screenshot_20241114_120207_Kodi.jpg</fanart>
          <description>Work with Debrid subscription only</description>
 </build>

 <build>
         <name>Debrid-sub.ES(skin Nimbus-KODI 21.1)</name>
         <version>1.0</version>  
         <kodi>K21</kodi>
         <url>https://github.com/apoyotech/luc_kodi.backups/releases/download/v.1.0.0/Backup-Premium.Real.Debrid.-sub.ES.skin.Nimbus-KODI.21.zip</url>
         <icon>https://apoyotech.github.io/luc_kodi.backups/pictures/Screenshot_20241113_235259_Kodi.jpg</icon>
         <fanart>https://apoyotech.github.io/luc_kodi.backups/pictures/Screenshot_20241113_235259_Kodi.jpg</fanart>
         <description>Work with Debrid subscription only</description>
 </build>

<build>
         <name>Debrid-sub.RO(skin AeonNox 5-KODI 21.1)</name>
         <version>1.0</version>
         <kodi>K21</kodi>
         <url>https://github.com/apoyotech/luc_kodi.backups/releases/download/v.1.0.0/Backup-Premium.Real.Debrid.sub.RO.skin.Aeon.Nox.5-KODI-21.1.zip</url>
         <icon>https://apoyotech.github.io/luc_kodi.backups/pictures/Screenshot_20241114_152458_Kodi.jpg</icon>
         <fanart>https://apoyotech.github.io/luc_kodi.backups/pictures/Screenshot_20241114_152458_Kodi.jpg</fanart>
         <description>Work with Debrid subscription only</description>
</build>

 <build>
         <name>Seren-sub.RO(skin Nimbus-KODI 21.1)</name>
         <version>1.0</version>
         <kodi>K21</kodi>
         <url>https://github.com/apoyotech/luc_kodi.backups/releases/download/v.1.0.0/Backup-Seren-sub.RO.skin.Nimbus-KODI.21.1.zip</url>
         <icon>https://apoyotech.github.io/luc_kodi.backups/pictures/Screenshot_20241114_133331_Kodi.jpg</icon>
         <fanart>https://apoyotech.github.io/luc_kodi.backups/pictures/Screenshot_20241114_133331_Kodi.jpg</fanart>
         <description>Work with Debrid subscription only</description>
 </build>

  <build>
         <name>Palantir(skin Arctic Horizon 2-KODI 21.1)</name>
         <version>1.0</version>
         <kodi>K21</kodi>
         <url>https://github.com/apoyotech/luc_kodi.backups/releases/download/v.1.0.0/Backup.Palantir.3.Arctic.Horizon.2.-Kodi.21.zip</url>
         <icon>https://apoyotech.github.io/luc_kodi.backups/pictures/Screenshot_20241114_002332_Kodi.jpg</icon>
         <fanart>https://apoyotech.github.io/luc_kodi.backups/pictures/Screenshot_20241114_002332_Kodi.jpg</fanart>
         <description>Work with Debrid subscription only</description>
  </build>

  <build>
          <name>Debrid-sub.RO(skin Arctic Zephyr Reloaded-KODI 21.2)</name> 
          <version>2.0</version>
          <kodi>K21</kodi>
          <url>https://github.com/apoyotech/luc_kodi.backups/releases/download/v.1.0.0/Backup-Premium-sub.ro.skin.Arctic.Zephyr.Reloaded-KODI.21.2.v.2.zip</url>
          <icon>https://apoyotech.github.io/luc_kodi.backups/pictures/Screenshot_20241114_011912_Kodi.jpg</icon>
          <fanart>https://apoyotech.github.io/luc_kodi.backups/pictures/Screenshot_20241114_011912_Kodi.jpg</fanart>
          <description>Work with Debrid subscription only</description>
  </build>

  <build>
          <name>Debrid-sub.RO(skin Titan Bingie mod-KODI 21.2)</name> 
          <version>5.0</version>
          <kodi>K21</kodi>
          <url>https://github.com/apoyotech/luc_kodi.backups/releases/download/v.1.0.0/Backup-Debrid-sub.RO.skin.Titan.Bingie.mod-KODI.21.2.v.5.zip</url>
          <icon>https://apoyotech.github.io/luc_kodi.backups/pictures/Screenshot_20250218_114647_Gallery.jpg</icon>
          <fanart>https://apoyotech.github.io/luc_kodi.backups/pictures/Screenshot_20250218_114647_Gallery.jpg</fanart>
          <description>Work with Debrid subscription only</description>
  </build>

  <build>
           <name>Debrid-sub.Ro(skin Altus-KODI 21.1)</name>
           <version>2.0</version>
           <kodi>K21</kodi>
           <url>https://github.com/apoyotech/luc_kodi.backups/releases/download/v.1.0.0/Backup-Premium-sub.Ro.skin.Altus-KODI.21.1.v.2.zip</url>
           <icon>https://apoyotech.github.io/luc_kodi.backups/pictures/Screenshot_20241230_113231_Kodi.jpg</icon>
           <fanart>https://apoyotech.github.io/luc_kodi.backups/pictures/Screenshot_20241230_113231_Kodi.jpg</fanart>
           <description>Work with Debrid subscription only</description>

  </build>

  <build>
            <name>Debrid-sub.RO(skin Confluence Color-KODI 21.1)</name>
            <version>2.0</version>
            <kodi>K21</kodi>
            <url>https://github.com/apoyotech/luc_kodi.backups/releases/download/v.1.0.0/Backup-Premium-sub.RO.skin.Confluence.Color-KODI.21.1.v.2.zip</url>
            <icon>https://apoyotech.github.io/luc_kodi.backups/pictures/Screenshot_20250117_095750_Kodi.jpg</icon>
            <fanart>https://apoyotech.github.io/luc_kodi.backups/pictures/Screenshot_20250117_095750_Kodi.jpg</fanart>
            <description>Work with Debrid subscription only</description>
  </build>

  <build>
             <name>Debrid-sub.RO(skin mp3 HD mod-KODI 21.2)</name>
             <version>2.0</version>
             <kodi>K21</kodi>
             <url>https://github.com/apoyotech/luc_kodi.backups/releases/download/v.1.0.0/Backup-Premium-sub.RO.skin.mp3.HD.mod-KODI.21.2.v.2.zip</url>
             <icon>https://apoyotech.github.io/luc_kodi.backups/pictures/photo_2025-01-30_21-49-12.jpg</icon>
             <fanart>https://apoyotech.github.io/luc_kodi.backups/pictures/photo_2025-01-30_21-49-12.jpg</fanart>
             <description>Work with Debrid subscription only</description>
  </build>

  <build>
             <name>Debrid-sub.RO(skin Arctic Zephyr Resurrection ligth view-KODI 21.2)</name>
             <version>1.0</version>
             <kodi>K21</kodi>
             <url>https://github.com/apoyotech/luc_kodi.backups/releases/download/v.1.0.0/Backup-Premium-sub.RO.skin.Arctic.Zephyr.Resurrection-ligth.view-KODI.21.2.v.1.zip</url>
             <icon>https://apoyotech.github.io/luc_kodi.backups/pictures/Screenshot_20250212_101124_Kodi.jpg</icon>
             <fanart>https://apoyotech.github.io/luc_kodi.backups/pictures/Screenshot_20250212_101124_Kodi.jpg</fanart>
             <description>Work with Debrid subscription only</description>
  </build>

  <build>
             <name>Debrid-sub.RO(skin Arctic Zephyr Resurrection darker view -KODI 21.2)</name>
             <version>1.0</version>
             <kodi>K21</kodi>
             <url>https://github.com/apoyotech/luc_kodi.backups/releases/download/v.1.0.0/Backup-Premium-sub.RO.skin.Arctic.Zephyr.Resurrection.darker.view-KODI.21.2.v.1.zip</url>
             <icon>https://apoyotech.github.io/luc_kodi.backups/pictures/Screenshot_20250213_113912_Kodi.jpg</icon>
             <fanart>https://apoyotech.github.io/luc_kodi.backups/pictures/Screenshot_20250213_113912_Kodi.jpg</fanart>
             <description>Work with Debrid subscription only</description>
  </build>

  <build> 
             <name>Debrid-sub.RO(skin simpleTOUCHreloaded-KODI 21.2)</name>
             <version>1.0</version>
             <kodi>K21</kodi>     
             <url>https://github.com/apoyotech/luc_kodi.backups/releases/download/v.1.0.0/Debrid-sub.RO.skin.simpleTOUCHreloaded-KODI.21.2.zip</url>  
             <icon>https://apoyotech.github.io/luc_kodi.backups/pictures/Screenshot_20250325_001057_Kodi.jpg</icon> 
             <fanart>https://apoyotech.github.io/luc_kodi.backups/pictures/Screenshot_20250325_001057_Kodi.jpg</fanart>  
             <description>Work with Debrid subscription only</description> 
  </build>  
  
  
  <build>
          <name>[COLOR snow]Torrents-sub.RO(skin Fentastic-KODI 21.2)[/COLOR]</name> 
          <version>2.0</version>
          <kodi>K21</kodi>
          <url>https://github.com/apoyotech/luc_kodi.backups/releases/download/v.1.0.0/Torrents-sub.RO.skin.Fentastic-KODI.21.2.v.2.zip</url>
          <icon>https://apoyotech.github.io/luc_kodi.backups/pictures/Screenshot_20250417_230637_Kodi.jpg</icon>
          <fanart>https://apoyotech.github.io/luc_kodi.backups/pictures/Screenshot_20250417_230637_Kodi.jpg</fanart>
          <description>This backup, no need Debrid subscription, just Add-ons Torrents</description>
</build>


    







</builds>











