<?xml version="1.0" encoding="UTF-8" standalone="yes"?>
<builds>


<build>
     <name>[COLOR fffe9900]---- Debrid-KODI 22 Builds ----[/COLOR]</name>    
     <kodi>K22</kodi>    
     <url>http://</url>    
     <icon>https://apoyotech.github.io/luc_kodi.wizard/pictures/Imagen-1.jpg</icon>     
     <fanart>https://apoyotech.github.io/luc_kodi.wizard/pictures/Imagen-1.jpg</fanart>
     <description>luc_kodi.backups</description>   
</build>     
     
<build>    
      <name>FEN light-sub.RO(skin Arctic Fuse 2-KODI 22)</name>     
      <version>1.0</version>    
      <kodi>K22</kodi>     
      <size>220MB</size> 
      <url>https://github.com/apoyotech/luc_kodi.backups/releases/download/v.1.0.0/FEN.light-sub.RO.skin.Arctic.Fuse.2-KODI.22.v.1.zip</url>
      <icon>https://apoyotech.github.io/luc_kodi.backups/pictures/Screenshot_20250523_114244_Kodi.jpg</icon>     
      <fanart>https://apoyotech.github.io/luc_kodi.backups/pictures/Screenshot_20250523_114244_Kodi.jpg</fanart>   
      <description>Work with Debrid subscription only</description>  
</build>   
        
     
<build>
     <name>[COLOR fffe9900]---- Debrid-KODI 21 Builds ----[/COLOR]</name>
     <kodi>K21</kodi>
     <url>http://</url>
     <icon>https://apoyotech.github.io/luc_kodi.wizard/pictures/Imagen-1.jpg</icon>
     <fanart>https://apoyotech.github.io/luc_kodi.wizard/pictures/Imagen-1.jpg</fanart>
     <description>luc_kodi.backups</description>
</build>


<build>
     <name>FEN light-sub.RO(skin Estuary MOD V2-KODI 21.2)</name>  
     <version>1.0</version>
     <kodi>K21</kodi>  
     <size>216MB</size>
     <url>https://github.com/apoyotech/luc_kodi.backups/releases/download/v.1.0.0/FEN.light-sub.RO.skin.Estuary.MOD.V2-KODI.21.2.v.1.zip</url>
     <icon>https://apoyotech.github.io/luc_kodi.backups/pictures/Screenshot_20251022_131604_Kodi.jpg</icon>
     <fanart>https://apoyotech.github.io/luc_kodi.backups/pictures/Screenshot_20251022_131604_Kodi.jpg</fanart>
     <description>Work with Debrid subscription only</description>
</build>     
     

<build>
      <name>Debrid-luc_kodi-sub.RO(skin AeonNox Silvo mod by luc_kodi-KODI 21.3)</name>     
      <version>2.0</version>
      <kodi>K21</kodi>    
      <size>211MB</size> 
      <url>https://github.com/apoyotech/luc_kodi.backups/releases/download/v.1.0.0/Debrid-luc_kodi-sub.RO.skin.AeonNox.Silvo.mod.by.luc_kodi-KODI.21.3.v.2.zip</url>     
      <icon>https://apoyotech.github.io/luc_kodi.backups/pictures/Screenshot_20250926_003259_Kodi.jpg</icon>
      <fanart>https://apoyotech.github.io/luc_kodi.backups/pictures/Screenshot_20250926_003259_Kodi.jpg</fanart>
      <description>Work with Debrid subscription only</description>
</build>
     
     
<build>
  <name>Debrid-sub.RO(skin luc_kodi nox-KODI 21.2)</name>
  <version>7.0</version>
  <kodi>K21</kodi>
  <size>202MB</size>
  <url>https://github.com/apoyotech/luc_kodi.backups/releases/download/v.1.0.0/Debrid-sub.RO.skin.luc_kodi.nox-KODI.21.2.v.7.zip</url>
  <icon>https://apoyotech.github.io/luc_kodi.backups/pictures/Screenshot_20250904_113714_Kodi.jpg</icon>
  <fanart>https://apoyotech.github.io/luc_kodi.backups/pictures/Screenshot_20250904_113714_Kodi.jpg</fanart>
  <description> Work with Debrid subscription only</description>
 </build>
  
<build>
  <name>Debrid-sub.RO(skin Estuary MOD V2-KODI 21.3)</name>
  <version>11</version>
  <kodi>K21</kodi>
  <size>267MB</size>
  <url>https://github.com/apoyotech/luc_kodi.backups/releases/download/v.1.0.0/Debrid-sub.RO.skin.Estuary.MOD.V2-KODI.21.3.v.11.zip</url>
  <icon>https://apoyotech.github.io/luc_kodi.backups/pictures/Screenshot_20251216_181610_Kodi.jpg</icon>
  <fanart>https://apoyotech.github.io/luc_kodi.backups/pictures/Screenshot_20251216_181610_Kodi.jpg</fanart>
  <description>Work with  Debrid subscription only</description>
 </build>
  
<build>
    <name>Debrid-sub.RO(skin Arctic Fuse 2-KODI 21.3)</name>
    <version>7.0</version>
    <kodi>K21</kodi>
    <size>329MB</size>
    <url>https://github.com/apoyotech/luc_kodi.backups/releases/download/v.1.0.0/Debrid-sub.RO.skin.Arctic.Fuse.2-KODI.21.3.v.7.zip</url>
    <icon>https://apoyotech.github.io/luc_kodi.backups/pictures/Screenshot_20251213_003213_Kodi.jpg</icon>
    <fanart>https://apoyotech.github.io/luc_kodi.backups/pictures/Screenshot_20251213_003213_Kodi.jpg</fanart>
    <description>Work with  Debrid subscription only</description>
</build>

<build>
      <name>FEN light-sub.RO(skin FENtastic-KODI 21.3)</name>
      <version>7.0</version>
      <kodi>K21</kodi>
      <size>105MB</size>
      <url>https://github.com/apoyotech/luc_kodi.backups/releases/download/v.1.0.0/FEN.light-sub.RO.skin.FENtastic-.KODI.21.3.v.7.zip</url>
      <icon>https://apoyotech.github.io/luc_kodi.backups/pictures/Screenshot_20251211_132532_Kodi.jpg</icon>
      <fanart>https://apoyotech.github.io/luc_kodi.backups/pictures/Screenshot_20251211_132532_Kodi.jpg</fanart>
      <description>Work with Debrid subscription only</description>
</build>

<build>
         <name>Debrid-sub.RO(skin Arctic Horizon 2-KODI 21.2)</name>
         <version>3.0</version>
         <kodi>K21</kodi>
         <size>273MB</size>
         <url>https://github.com/apoyotech/luc_kodi.backups/releases/download/v.1.0.0/Debrid-sub.RO.skin.Arctic.Horizon.2-KODI.21.2.v.3.zip</url>
         <icon>https://apoyotech.github.io/luc_kodi.backups/pictures/Screenshot_20250524_145003_Kodi.jpg</icon>
         <fanart>https://apoyotech.github.io/luc_kodi.backups/pictures/Screenshot_20250524_145003_Kodi.jpg</fanart>
         <description>Work with Debrid subscription only</description>
 </build>

 <build>
          <name>Debrid-sub.RO(skin Arctic Zephyr Resurrection-KODI 21.1)</name>
          <version>3.0</version>
          <kodi>K21</kodi>
          <size>62MB</size> 
          <url>https://github.com/apoyotech/luc_kodi.backups/releases/download/v.1.0.0/Debrid-sub.RO.skin.Arctic.Zephyr.Resurrection-KODI-21.1.v.3.zip</url>
          <icon>https://apoyotech.github.io/luc_kodi.backups/pictures/Screenshot_20241114_120207_Kodi.jpg</icon>
          <fanart>https://apoyotech.github.io/luc_kodi.backups/pictures/Screenshot_20241114_120207_Kodi.jpg</fanart>
          <description>Work with Debrid subscription only</description>
 </build>

 <build>
         <name>Debrid-ES(skin Arctic Fuse 2-KODI 21.2)</name>
         <version>2.0</version>  
         <kodi>K21</kodi>
         <size>330MB</size>
         <url>https://github.com/apoyotech/luc_kodi.backups/releases/download/v.1.0.0/Debrid-sub.ES.skin.Arctic.Fuse.2-KODI.21.2.v.2.zip</url>
         <icon>https://apoyotech.github.io/luc_kodi.backups/pictures/Screenshot_20250807_102400_Kodi.jpg</icon>
         <fanart>https://apoyotech.github.io/luc_kodi.backups/pictures/Screenshot_20250807_102400_Kodi.jpg</fanart>
         <description>Work with Debrid subscription only</description>
 </build>

<build>
         <name>Debrid-sub.RO(skin AeonNox 5-KODI 21.1)</name>
         <version>1.0</version>
         <kodi>K21</kodi>
         <size>137MB</size>
         <url>https://github.com/apoyotech/luc_kodi.backups/releases/download/v.1.0.0/Debrid.sub.RO.skin.Aeon.Nox.5-KODI-21.1.zip</url>
         <icon>https://apoyotech.github.io/luc_kodi.backups/pictures/Screenshot_20241114_152458_Kodi.jpg</icon>
         <fanart>https://apoyotech.github.io/luc_kodi.backups/pictures/Screenshot_20241114_152458_Kodi.jpg</fanart>
         <description>Work with Debrid subscription only</description>
</build>

 <build>
         <name>Seren-sub.RO(skin Nimbus-KODI 21.2)</name>
         <version>3.0</version>
         <kodi>K21</kodi>
         <size>33MB</size>
         <url>https://github.com/apoyotech/luc_kodi.backups/releases/download/v.1.0.0/Seren-sub.RO.skin.Nimbus-Kodi.21.2.v.3.zip</url>
         <icon>https://apoyotech.github.io/luc_kodi.backups/pictures/Screenshot_20250904_105519_Kodi.jpg</icon>
         <fanart>https://apoyotech.github.io/luc_kodi.backups/pictures/Screenshot_20250904_105519_Kodi.jpg</fanart>
         <description>Work with Debrid subscription only</description>
 </build>

<build>
          <name>Debrid-sub.RO(skin Arctic Zephyr Reloaded-KODI 21.2)</name> 
          <version>2.0</version>
          <kodi>K21</kodi>
          <size>152MB</size>
          <url>https://github.com/apoyotech/luc_kodi.backups/releases/download/v.1.0.0/Debrid-sub.ro.skin.Arctic.Zephyr.Reloaded-KODI.21.2.v.2.zip</url>
          <icon>https://apoyotech.github.io/luc_kodi.backups/pictures/Screenshot_20241114_011912_Kodi.jpg</icon>
          <fanart>https://apoyotech.github.io/luc_kodi.backups/pictures/Screenshot_20241114_011912_Kodi.jpg</fanart>
          <description>Work with Debrid subscription only</description>
  </build>

  <build>
          <name>Debrid-sub.RO(skin Titan Bingie MOD-KODI 21.2)</name> 
          <version>6.0</version>
          <kodi>K21</kodi>
          <size>251MB</size>
          <url>https://github.com/apoyotech/luc_kodi.backups/releases/download/v.1.0.0/Debrid-sub.RO.skin.Titan.Bingie.MOD-KODI.21.2.v.6.zip</url>
          <icon>https://apoyotech.github.io/luc_kodi.backups/pictures/Screenshot_20250218_114647_Gallery.jpg</icon>
          <fanart>https://apoyotech.github.io/luc_kodi.backups/pictures/Screenshot_20250218_114647_Gallery.jpg</fanart>
          <description>Work with Debrid subscription only</description>
  </build>

  <build>
           <name>Debrid-sub.Ro(skin Altus-KODI 21.1)</name>
           <version>2.0</version>
           <kodi>K21</kodi>
           <size>48MB</size>
           <url>https://github.com/apoyotech/luc_kodi.backups/releases/download/v.1.0.0/Debrid-sub.Ro.skin.Altus-KODI.21.1.v.2.zip</url>
           <icon>https://apoyotech.github.io/luc_kodi.backups/pictures/Screenshot_20241230_113231_Kodi.jpg</icon>
           <fanart>https://apoyotech.github.io/luc_kodi.backups/pictures/Screenshot_20241230_113231_Kodi.jpg</fanart>
           <description>Work with Debrid subscription only</description>

  </build>

  <build>
            <name>Debrid-sub.RO(skin Confluence-KODI 21.2)</name>
            <version>2.0</version>
            <kodi>K21</kodi>
            <size>73MB</size>
            <url>https://github.com/apoyotech/luc_kodi.backups/releases/download/v.1.0.0/Debrid-sub.RO.skin.Confluence-KODI.21.2.v.2.zip</url>
            <icon>https://apoyotech.github.io/luc_kodi.backups/pictures/Screenshot_20250509_135839_Kodi.jpg</icon>
            <fanart>https://apoyotech.github.io/luc_kodi.backups/pictures/Screenshot_20250509_135839_Kodi.jpg</fanart>
            <description>Work with Debrid subscription only</description>
  </build>

  <build>
             <name>Debrid-sub.RO(skin mp3 HD MOD-KODI 21.2)</name>
             <version>3.0</version>
             <kodi>K21</kodi>
             <size>51MB</size>
             <url>https://github.com/apoyotech/luc_kodi.backups/releases/download/v.1.0.0/Debrid-sub.RO.skin.mp3.HD.MOD-KODI21.2.v.3.zip</url>
             <icon>https://apoyotech.github.io/luc_kodi.backups/pictures/Screenshot_20251019_010353_Kodi.jpg</icon>
             <fanart>https://apoyotech.github.io/luc_kodi.backups/pictures/Screenshot_20251019_010353_Kodi.jpg</fanart>
             <description>Work with Debrid subscription only</description>
  </build>

  <build>
             <name>Debrid-sub.RO(skin Arctic Zephyr Resurrection-KODI 21.2)</name>
             <version>1.0</version>
             <kodi>K21</kodi>
             <size>77MB</size>
             <url>https://github.com/apoyotech/luc_kodi.backups/releases/download/v.1.0.0/Debrid-sub.RO.skin.Arctic.Zephyr.Resurrection-ligth.view-KODI.21.2.v.1.zip</url>
             <icon>https://apoyotech.github.io/luc_kodi.backups/pictures/Screenshot_20250212_101124_Kodi.jpg</icon>
             <fanart>https://apoyotech.github.io/luc_kodi.backups/pictures/Screenshot_20250212_101124_Kodi.jpg</fanart>
             <description>Work with Debrid subscription only</description>
  </build>

  <build>
             <name>Debrid-sub.RO(skin Arctic Zephyr Resurrection dark-KODI 21.2)</name>
             <version>1.0</version>
             <kodi>K21</kodi>
             <size>79MB</size>
             <url>https://github.com/apoyotech/luc_kodi.backups/releases/download/v.1.0.0/Debrid-sub.RO.skin.Arctic.Zephyr.Resurrection.darker.view-KODI.21.2.v.1.zip</url>
             <icon>https://apoyotech.github.io/luc_kodi.backups/pictures/Screenshot_20250213_113912_Kodi.jpg</icon>
             <fanart>https://apoyotech.github.io/luc_kodi.backups/pictures/Screenshot_20250213_113912_Kodi.jpg</fanart>
             <description>Work with Debrid subscription only</description>
  </build>

  <build> 
             <name>Debrid-sub.RO(skin simpleTOUCHreloaded-KODI 21.3)</name>
             <version>2.0</version>
             <kodi>K21</kodi>     
             <size>48MB</size>
             <url>https://github.com/apoyotech/luc_kodi.backups/releases/download/v.1.0.0/Debrid-sub.RO.skin.simpleTOUCHreloaded-KODI.21.3.v.2.zip</url>  
             <icon>https://apoyotech.github.io/luc_kodi.backups/pictures/Screenshot_20251209_232309_Kodi.jpg</icon> 
             <fanart>https://apoyotech.github.io/luc_kodi.backups/pictures/Screenshot_20251209_232309_Kodi.jpg</fanart>  
             <description>Work with Debrid subscription only</description> 
  </build>  
  
  
  <build> 
          <name>Fen light-sub.RO(skin Arctic Fuse 2-KODI 21.2)</name>     
          <version>1.0</version> 
          <kodi>K21</kodi>    
          <size>219MB</size>
          <url>https://github.com/apoyotech/luc_kodi.backups/releases/download/v.1.0.0/Fen.light-sub.RO.skin.Arctic.Fuse.2-KODI.21.2.zip</url>    
          <icon>https://apoyotech.github.io/luc_kodi.backups/pictures/Screenshot_20250523_114244_Kodi.jpg</icon>   
          <fanart>https://apoyotech.github.io/luc_kodi.backups/pictures/Screenshot_20250523_114244_Kodi.jpg</fanart>   
          <description>Work with Debrid subscription only</description> 
  </build>     
     
     
     
     
     
<build>
              <name>[COLOR fffe9900]---- Just-Free-KODI 21 Builds ----[/COLOR]</name>
              <kodi>K21</kodi>
              <url>http://</url>
              <icon>https://apoyotech.github.io/luc_kodi.wizard/pictures/Imagen-1.jpg</icon>
              <fanart>https://apoyotech.github.io/luc_kodi.wizard/pictures/Imagen-1.jpg</fanart>
              <description>luc_kodi.backups</description>
</build>



<build>
          <name>[COLOR snow]VixMovie-sub.RO(skin Arctic Fuse 2-KODI 21.2)[/COLOR]</name> 
          <version>1.0</version>
          <kodi>K21</kodi>
          <size>199MB</size>
          <url>https://github.com/apoyotech/luc_kodi.backups/releases/download/v.1.0.0/VixMovie-sub.RO.skin.Arctic.Fuse.2-KODI.21.2.v.1.zip</url>
          <icon>https://apoyotech.github.io/luc_kodi.backups/pictures/Screenshot_20251106_131955_Kodi.jpg</icon>
          <fanart>https://apoyotech.github.io/luc_kodi.backups/pictures/Screenshot_20251106_131955_Kodi.jpg</fanart>
          <description>This build no need Debrid subscription</description>
</build>

<build>
         <name>[COLOR snow]Just-Free-sub.RO(skin Arctic Zephyr Resurrection-KODI 21.2)[/COLOR]</name>
         <version>2.0</version>
         <kodi>K21</kodi>
         <size>136MB</size>
         <url>https://github.com/apoyotech/luc_kodi.backups/releases/download/v.1.0.0/Just-Free-sub.RO.skin.Arctic.Zephyr.Resurrection-light-KODI.21.2.v.2.zip</url>
         <icon>https://apoyotech.github.io/luc_kodi.backups/pictures/Screenshot_20251014_102247_Kodi.jpg</icon>
         <fanart>https://apoyotech.github.io/luc_kodi.backups/pictures/Screenshot_20251014_102247_Kodi.jpg</fanart>
         <description>This build no need Debrid subscription</description>
</build>

<build>
        <name>[COLOR snow]Just-Free-sub.RO(skin Fentastic-KODI 21.2)[/COLOR]</name>
        <version>2.0</version>
        <kodi>K21</kodi>
        <size>104MB</size>
        <url>https://github.com/apoyotech/luc_kodi.backups/releases/download/v.1.0.0/Just-Free-sub.RO.skin.Fentastic-KODI.21.2.v.2.zip</url>
        <icon>https://apoyotech.github.io/luc_kodi.backups/pictures/Screenshot_20251014_125513_Kodi.jpg</icon>
        <fanart>https://apoyotech.github.io/luc_kodi.backups/pictures/Screenshot_20251014_125513_Kodi.jpg</fanart>
        <description>This build no need Debrid subscription</description>
</build>



<build>
        <name>[COLOR snow]Just-Torrents-sub.RO(skin luc_kodi nox-KODI 21.2)[/COLOR]</name>
        <version>4.0</version>
        <kodi>K21</kodi>
        <size>265MB</size>
        <url>https://github.com/apoyotech/luc_kodi.backups/releases/download/v.1.0.0/Just-Torrents-sub.RO.skin.luc_kodi.nox-KODI.21.2.v.4.zip</url>
        <icon>https://apoyotech.github.io/luc_kodi.backups/pictures/Screenshot_20250821_182505_Kodi.jpg</icon>
        <fanart>https://apoyotech.github.io/luc_kodi.backups/pictures/Screenshot_20250821_182505_Kodi.jpg</fanart>
        <description>This build no need Debrid subscription</description>
</build>



</builds>











