<?xml version="1.0" encoding="UTF-8" standalone="yes"?>
<addon id="plugin.program.luc_kodi.wizard" name="luc_kodi.wizard" version="1.0.0" provider-name="[COLOR yellow]apoyotech[/COLOR]">
	<requires>
		<import addon="xbmc.python" version="3.0.0"/>
		<import addon="script.module.requests" version="2.31.0" />
	        <import addon="script.module.certifi" version="2023.5.7" />
	        <import addon="script.module.chardet" version="5.1.0" />
	        <import addon="script.module.idna" version="3.4.0" />
	        <import addon="script.module.urllib3" version="2.1.0" />
	        <import addon="script.module.six" version="1.16.0" />
	        <import addon="script.module.simplejson" version="3.19.1" />
	        <import addon="script.module.soupsieve" version="2.4.1" />
	        <import addon="script.module.inputstreamhelper" version="0.7.0" />
	        <import addon="script.module.beautifulsoup4" version="4.9.3" />
	        <import addon="script.module.kodi-six" version="0.1.3.1" />
	</requires>
	<extension point="xbmc.python.pluginsource" library="addon.py">
	<provides>executable</provides>
	</extension>
	<extension point="xbmc.service" library="service.py"  />
	<extension point="xbmc.addon.metadata">
		<summary lang="en_GB">[COLOR dodgerblue]luc_kodi.wizard by apoyotech[/COLOR]</summary>
		<description lang="en_GB">[COLOR dodgerblue]This simple plugin.program.wizard it serves to create and install backups and maintenance in open source kodi[/COLOR]</description>
		<disclaimer lang="en_GB">This Addon contains no content</disclaimer>
		<language>en</language>
		<platform>all</platform>
		<license>GPL-3.0-or-later</license>
		<forum></forum>
		<website></website> 
		<email></email>
		<source></source>
		<news lang="en_GB">Initial release.</news>
		<assets>
				<icon>resources/icon.png</icon>
				<fanart>resources/fanart.jpg</fanart>
				<banner></banner>
				<clearlogo></clearlogo>
				<screenshot></screenshot>
		</assets>
	</extension>
</addon>
